State_id,Year,Month_Number,Total_Installment,Total_Product_Description,Total_Product_Name_Length,Photos_Quality,Total_Payment,PreviousMonthPayment,SeasonalPayment,QuarterPayment,LastYearPayment
3,2016,9,6,762,84,1,150.12,,,,
16,2016,9,4,2360,200,5,544.91999999999996,150.12,,,
3,2016,10,182,33394,2488,9.5714285714285712,10996.699999999999,544.91999999999996,,,
9,2016,10,40,15034,402,1.25,2134.2800000000002,10996.699999999999,150.12,,
8,2016,10,48,3804,300,3,1990.6800000000001,2134.2800000000002,544.91999999999996,150.12,
1,2016,10,962,201978,12090,36.777777777777779,39834.620000000003,1990.6800000000001,10996.699999999999,544.91999999999996,
6,2016,10,434,78652,4720,12.875,13975.66,39834.620000000003,2134.2800000000002,10996.699999999999,
4,2016,10,362,108300,5944,17.875,27238.800000000003,13975.66,1990.6800000000001,2134.2800000000002,
10,2016,10,244,54692,3290,9.5714285714285712,11910.819999999998,27238.800000000003,39834.620000000003,1990.6800000000001,
12,2016,10,38,12358,686,3.6666666666666665,3899.5599999999999,11910.819999999998,13975.66,39834.620000000003,
19,2016,10,68,16208,870,5,2309.3400000000001,3899.5599999999999,27238.800000000003,13975.66,
17,2016,10,2,1246,86,5,149.47999999999999,2309.3400000000001,11910.819999999998,27238.800000000003,
16,2016,10,2,1932,112,5,138.03999999999999,149.47999999999999,3899.5599999999999,11910.819999999998,150.12
20,2016,10,60,15680,690,3,3376.9799999999996,138.03999999999999,2309.3400000000001,3899.5599999999999,544.91999999999996
18,2016,10,70,14768,840,4,2997.4200000000001,3376.9799999999996,149.47999999999999,2309.3400000000001,10996.699999999999
5,2016,10,170,25686,1308,4.5,9669.0599999999995,2997.4200000000001,138.03999999999999,149.47999999999999,2134.2800000000002
14,2016,10,28,7568,520,2.75,2697.0799999999999,9669.0599999999995,3376.9799999999996,138.03999999999999,1990.6800000000001
13,2016,10,36,9540,1026,6,8249.6999999999989,2697.0799999999999,2997.4200000000001,3376.9799999999996,39834.620000000003
21,2016,10,8,2180,120,1,492.18000000000001,8249.6999999999989,9669.0599999999995,2997.4200000000001,13975.66
2,2016,10,24,12834,680,11.666666666666666,3608.9799999999996,492.18000000000001,2697.0799999999999,9669.0599999999995,27238.800000000003
24,2016,10,16,11072,320,5.5,691.83999999999992,3608.9799999999996,8249.6999999999989,2697.0799999999999,11910.819999999998
23,2016,10,14,2140,164,3,259.80000000000001,691.83999999999992,492.18000000000001,8249.6999999999989,3899.5599999999999
7,2016,10,60,3104,220,2.5,1208.1399999999999,259.80000000000001,3608.9799999999996,492.18000000000001,2309.3400000000001
10,2016,12,2,3420,128,1,39.240000000000002,1208.1399999999999,691.83999999999992,3608.9799999999996,149.47999999999999
8,2017,1,240,56878,3194,6.833333333333333,10307.300000000001,39.240000000000002,259.80000000000001,691.83999999999992,138.03999999999999
9,2017,1,70,29558,1008,2.5,4985.1599999999999,10307.300000000001,1208.1399999999999,259.80000000000001,3376.9799999999996
10,2017,1,320,158540,7290,7.0526315789473681,16243.279999999999,4985.1599999999999,39.240000000000002,1208.1399999999999,2997.4200000000001
3,2017,1,418,114748,6228,8.2777777777777786,32015.84,16243.279999999999,10307.300000000001,39.240000000000002,9669.0599999999995
17,2017,1,18,2680,228,2.5,926.25999999999999,32015.84,4985.1599999999999,10307.300000000001,2697.0799999999999
13,2017,1,28,5786,664,2.7999999999999998,1596.1999999999998,926.25999999999999,16243.279999999999,4985.1599999999999,8249.6999999999989
19,2017,1,410,42926,3088,6.666666666666667,32224.739999999998,1596.1999999999998,32015.84,16243.279999999999,492.18000000000001
21,2017,1,42,16094,722,3,2907.96,32224.739999999998,926.25999999999999,32015.84,3608.9799999999996
11,2017,1,10,522,108,6,340.72000000000003,2907.96,1596.1999999999998,926.25999999999999,691.83999999999992
6,2017,1,878,279128,13330,12.083333333333334,52975.640000000014,340.72000000000003,32224.739999999998,1596.1999999999998,259.80000000000001
24,2017,1,18,7870,422,2.6666666666666665,763.56000000000006,52975.640000000014,2907.96,32224.739999999998,1208.1399999999999
7,2017,1,108,33950,1440,3.625,6693.8399999999992,763.56000000000006,340.72000000000003,2907.96,39.240000000000002
12,2017,1,80,10296,872,3.8571428571428572,2532.2600000000002,6693.8399999999992,52975.640000000014,340.72000000000003,10307.300000000001
4,2017,1,688,186406,12464,12.869565217391305,34023.939999999995,2532.2600000000002,763.56000000000006,52975.640000000014,4985.1599999999999
27,2017,1,32,2026,468,4,3314.6599999999999,34023.939999999995,6693.8399999999992,763.56000000000006,16243.279999999999
22,2017,1,8,5194,276,1.3333333333333333,1651.02,3314.6599999999999,2532.2600000000002,6693.8399999999992,32015.84
18,2017,1,76,30180,1420,4.8888888888888893,4854.6000000000004,1651.02,34023.939999999995,2532.2600000000002,926.25999999999999
20,2017,1,72,16720,854,3.5,4303.8600000000006,4854.6000000000004,3314.6599999999999,34023.939999999995,1596.1999999999998
1,2017,1,2124,646202,36108,30.444444444444443,132188.34,4303.8600000000006,1651.02,3314.6599999999999,32224.739999999998
15,2017,1,8,3512,212,2,1353.7199999999998,132188.34,4854.6000000000004,1651.02,2907.96
14,2017,1,50,24924,886,5.2000000000000002,2536.2600000000002,1353.7199999999998,4303.8600000000006,4854.6000000000004,340.72000000000003
23,2017,1,22,10986,248,3.5,1497.5599999999999,2536.2600000000002,132188.34,4303.8600000000006,52975.640000000014
5,2017,1,256,71724,3740,5.666666666666667,17793.920000000002,1497.5599999999999,1353.7199999999998,132188.34,763.56000000000006
2,2017,1,98,24744,1308,3.3999999999999999,7528.1800000000012,17793.920000000002,2536.2600000000002,1353.7199999999998,6693.8399999999992
20,2017,2,142,41220,2156,3.2857142857142856,7050.9600000000009,7528.1800000000012,1497.5599999999999,2536.2600000000002,2532.2600000000002
22,2017,2,88,20966,1232,3.2999999999999998,8025.7600000000002,7050.9600000000009,17793.920000000002,1497.5599999999999,34023.939999999995
8,2017,2,482,138070,6606,6.5,19738.000000000011,8025.7600000000002,7528.1800000000012,17793.920000000002,3314.6599999999999
1,2017,2,3802,1079360,68640,57.107142857142854,210152.47999999995,19738.000000000011,7050.9600000000009,7528.1800000000012,1651.02
9,2017,2,264,55818,3752,4.4500000000000002,12906.660000000003,210152.47999999995,8025.7600000000002,7050.9600000000009,4854.6000000000004
11,2017,2,70,24220,1018,2.625,16404.480000000003,12906.660000000003,19738.000000000011,8025.7600000000002,4303.8600000000006
10,2017,2,906,213898,12812,11.296296296296296,59869.459999999985,16404.480000000003,210152.47999999995,19738.000000000011,132188.34
3,2017,2,770,179000,10532,8.7857142857142865,40554.940000000002,59869.459999999985,12906.660000000003,210152.47999999995,1353.7199999999998
6,2017,2,1720,457436,27650,21.928571428571427,86802.739999999991,40554.940000000002,16404.480000000003,12906.660000000003,2536.2600000000002
17,2017,2,88,21294,1670,4.4444444444444446,5088.6000000000004,86802.739999999991,59869.459999999985,16404.480000000003,1497.5599999999999
27,2017,2,58,16258,440,2.3333333333333335,2578.1599999999999,5088.6000000000004,40554.940000000002,59869.459999999985,17793.920000000002
25,2017,2,70,9604,808,2.3333333333333335,2245.0800000000004,2578.1599999999999,86802.739999999991,40554.940000000002,7528.1800000000012
16,2017,2,6,4134,182,7,217.47999999999999,2245.0800000000004,5088.6000000000004,86802.739999999991,7050.9600000000009
15,2017,2,38,10566,582,2.3999999999999999,1879.1000000000001,217.47999999999999,2578.1599999999999,5088.6000000000004,8025.7600000000002
18,2017,2,144,46606,2354,3.3999999999999999,21903.119999999999,1879.1000000000001,2245.0800000000004,2578.1599999999999,19738.000000000011
26,2017,2,32,3430,572,8,4007.5999999999999,21903.119999999999,217.47999999999999,2245.0800000000004,210152.47999999995
2,2017,2,212,51778,2742,3.8888888888888888,24210.400000000001,4007.5999999999999,1879.1000000000001,217.47999999999999,12906.660000000003
24,2017,2,116,16524,1446,7.333333333333333,7650.7599999999993,24210.400000000001,21903.119999999999,1879.1000000000001,16404.480000000003
7,2017,2,124,28138,1820,3.7333333333333334,8256.3600000000006,7650.7599999999993,4007.5999999999999,21903.119999999999,59869.459999999985
14,2017,2,68,21408,1044,5.666666666666667,2202.5,8256.3600000000006,24210.400000000001,4007.5999999999999,40554.940000000002
13,2017,2,44,18384,1128,2.5,2390.46,2202.5,7650.7599999999993,24210.400000000001,86802.739999999991
12,2017,2,74,21578,1446,2.2727272727272729,5163.9400000000005,2390.46,8256.3600000000006,7650.7599999999993,5088.6000000000004
21,2017,2,138,22632,1498,3,7913.1399999999994,5163.9400000000005,2202.5,8256.3600000000006,2578.1599999999999
19,2017,2,120,45276,2588,6.1764705882352944,6318.5400000000018,7913.1399999999994,2390.46,2202.5,2245.0800000000004
23,2017,2,104,30662,1358,2.7000000000000002,5935.7400000000007,6318.5400000000018,5163.9400000000005,2390.46,217.47999999999999
4,2017,2,1630,453238,27616,23.074074074074073,101036.06,5935.7400000000007,7913.1399999999994,5163.9400000000005,1879.1000000000001
5,2017,2,354,97642,5784,6.8076923076923075,17767.060000000001,101036.06,6318.5400000000018,7913.1399999999994,21903.119999999999
20,2017,3,282,74994,4676,5.4761904761904763,19931.919999999998,17767.060000000001,5935.7400000000007,6318.5400000000018,4007.5999999999999
16,2017,3,12,2226,172,3.5,661.62,19931.919999999998,101036.06,5935.7400000000007,24210.400000000001
18,2017,3,404,81322,6842,5.1538461538461542,19812.119999999999,661.62,17767.060000000001,101036.06,7650.7599999999993
26,2017,3,28,3898,366,2.3333333333333335,1335.8599999999999,19812.119999999999,19931.919999999998,17767.060000000001,8256.3600000000006
9,2017,3,308,89410,4660,5.2608695652173916,15805.859999999997,1335.8599999999999,661.62,19931.919999999998,2202.5
8,2017,3,728,208248,10552,9.0333333333333332,49347.860000000001,15805.859999999997,19812.119999999999,661.62,2390.46
22,2017,3,118,35850,2156,4.8181818181818183,8115.4199999999992,49347.860000000001,1335.8599999999999,19812.119999999999,5163.9400000000005
27,2017,3,22,4234,162,2,1060.3600000000001,8115.4199999999992,15805.859999999997,1335.8599999999999,7913.1399999999994
3,2017,3,1240,262516,15532,12.300000000000001,55213.459999999999,1060.3600000000001,49347.860000000001,15805.859999999997,6318.5400000000018
1,2017,3,6726,1759048,112248,84,371880.47999999998,55213.459999999999,8115.4199999999992,49347.860000000001,5935.7400000000007
25,2017,3,32,9018,478,3.3999999999999999,2032.5000000000002,371880.47999999998,1060.3600000000001,8115.4199999999992,101036.06
5,2017,3,760,197044,11106,8.6896551724137936,48619.060000000005,2032.5000000000002,55213.459999999999,1060.3600000000001,17767.060000000001
2,2017,3,342,80130,4386,3.8636363636363638,25440.000000000007,48619.060000000005,371880.47999999998,55213.459999999999,19931.919999999998
23,2017,3,62,16380,896,3.1111111111111112,2842.9999999999991,25440.000000000007,2032.5000000000002,371880.47999999998,661.62
15,2017,3,48,5608,710,3.5714285714285716,2282.5799999999999,2842.9999999999991,48619.060000000005,2032.5000000000002,19812.119999999999
13,2017,3,126,55672,2718,4.0526315789473681,7250.5400000000009,2282.5799999999999,25440.000000000007,48619.060000000005,1335.8599999999999
14,2017,3,132,17450,1444,2.6000000000000001,4209.1999999999998,7250.5400000000009,2842.9999999999991,25440.000000000007,15805.859999999997
7,2017,3,70,37412,1914,4.25,9517.0599999999995,4209.1999999999998,2282.5799999999999,2842.9999999999991,49347.860000000001
24,2017,3,206,49702,2602,5.2222222222222223,7952.6600000000017,9517.0599999999995,7250.5400000000009,2282.5799999999999,8115.4199999999992
19,2017,3,362,82704,5276,4.4814814814814818,28016.16,7952.6600000000017,4209.1999999999998,7250.5400000000009,1060.3600000000001
21,2017,3,72,48638,1456,3.8999999999999999,7019.8399999999992,28016.16,9517.0599999999995,4209.1999999999998,55213.459999999999
17,2017,3,214,32520,1730,2.75,11067.019999999999,7019.8399999999992,7952.6600000000017,9517.0599999999995,371880.47999999998
12,2017,3,166,35730,2354,2.5294117647058822,14777.759999999998,11067.019999999999,28016.16,7952.6600000000017,2032.5000000000002
6,2017,3,2614,633996,40776,30.70967741935484,128124.23999999999,14777.759999999998,7019.8399999999992,28016.16,48619.060000000005
4,2017,3,2722,728888,43056,34.354838709677416,147276.89999999997,128124.23999999999,11067.019999999999,7019.8399999999992,25440.000000000007
10,2017,3,828,251344,14972,14.1,47505.319999999992,147276.89999999997,14777.759999999998,11067.019999999999,2842.9999999999991
11,2017,3,152,46678,2462,3.3999999999999999,16824.519999999997,47505.319999999992,128124.23999999999,14777.759999999998,2282.5799999999999
14,2017,4,114,20062,1250,3.125,3914.9000000000001,16824.519999999997,147276.89999999997,128124.23999999999,7250.5400000000009
16,2017,4,4,1236,216,3,213.78,3914.9000000000001,47505.319999999992,147276.89999999997,4209.1999999999998
15,2017,4,172,30186,1660,3.5833333333333335,8567.4200000000001,213.78,16824.519999999997,47505.319999999992,9517.0599999999995
24,2017,4,120,21214,1238,3.2999999999999998,8977.9000000000015,8567.4200000000001,3914.9000000000001,16824.519999999997,7952.6600000000017
2,2017,4,386,70658,4132,4.5714285714285712,14338.900000000001,8977.9000000000015,213.78,3914.9000000000001,28016.16
1,2017,4,6146,1646062,100120,78.200000000000003,367811.39999999997,14338.900000000001,8567.4200000000001,213.78,7019.8399999999992
3,2017,4,970,193564,14520,10.6,68964,367811.39999999997,8977.9000000000015,8567.4200000000001,11067.019999999999
8,2017,4,1020,147494,10552,8.8148148148148149,53003.400000000001,68964,14338.900000000001,8977.9000000000015,14777.759999999998
22,2017,4,52,13920,844,2.125,2654.1400000000003,53003.400000000001,367811.39999999997,14338.900000000001,128124.23999999999
20,2017,4,236,62596,4064,4.8695652173913047,10982.860000000001,2654.1400000000003,68964,367811.39999999997,147276.89999999997
18,2017,4,286,77066,3698,4.6842105263157894,21245.52,10982.860000000001,53003.400000000001,68964,47505.319999999992
12,2017,4,352,63354,4314,4.9000000000000004,15440.460000000003,21245.52,2654.1400000000003,53003.400000000001,16824.519999999997
23,2017,4,242,36724,2366,2.8125,11144.100000000002,15440.460000000003,10982.860000000001,2654.1400000000003,3914.9000000000001
21,2017,4,146,22032,1422,3.7000000000000002,5740.0400000000009,11144.100000000002,21245.52,10982.860000000001,213.78
19,2017,4,350,67284,4272,4.1904761904761907,17012.359999999997,5740.0400000000009,15440.460000000003,21245.52,8567.4200000000001
11,2017,4,76,33810,1708,3.6363636363636362,4998.2400000000007,17012.359999999997,11144.100000000002,15440.460000000003,8977.9000000000015
7,2017,4,224,251350,5108,4.3684210526315788,9775.4200000000019,4998.2400000000007,5740.0400000000009,11144.100000000002,14338.900000000001
5,2017,4,770,195036,12396,9.0666666666666664,35037.779999999992,9775.4200000000019,17012.359999999997,5740.0400000000009,367811.39999999997
4,2017,4,2270,535810,36798,28.566666666666666,146422.33999999994,35037.779999999992,4998.2400000000007,17012.359999999997,68964
17,2017,4,186,29374,2016,2.7999999999999998,7657.5999999999985,146422.33999999994,9775.4200000000019,4998.2400000000007,53003.400000000001
9,2017,4,424,73346,4916,5.0909090909090908,14310.419999999996,7657.5999999999985,35037.779999999992,9775.4200000000019,2654.1400000000003
10,2017,4,718,163812,11954,11.206896551724139,48448.5,14310.419999999996,146422.33999999994,35037.779999999992,10982.860000000001
6,2017,4,2234,500080,29774,24,121142.44000000005,48448.5,7657.5999999999985,146422.33999999994,21245.52
25,2017,4,102,24882,1354,2.7000000000000002,2352.46,121142.44000000005,14310.419999999996,7657.5999999999985,15440.460000000003
13,2017,4,184,34140,2782,4.6111111111111107,8471.6600000000035,2352.46,48448.5,14310.419999999996,11144.100000000002
27,2017,4,54,10390,480,2.2000000000000002,2703.02,8471.6600000000035,121142.44000000005,48448.5,5740.0400000000009
7,2017,5,232,57746,4046,5.0499999999999998,16647.680000000004,2703.02,2352.46,121142.44000000005,17012.359999999997
21,2017,5,204,41948,2776,3.8235294117647061,23647.079999999994,16647.680000000004,8471.6600000000035,2352.46,4998.2400000000007
13,2017,5,192,42798,3132,3.5238095238095237,9316.2999999999975,23647.079999999994,2703.02,8471.6600000000035,9775.4200000000019
15,2017,5,168,30074,1998,2.9285714285714284,6397.8200000000015,9316.2999999999975,16647.680000000004,2703.02,35037.779999999992
23,2017,5,244,48626,2862,3.7777777777777777,11654.26,6397.8200000000015,23647.079999999994,16647.680000000004,146422.33999999994
14,2017,5,228,34722,2256,3.4285714285714284,12387.299999999999,11654.26,9316.2999999999975,23647.079999999994,7657.5999999999985
5,2017,5,1152,278736,17532,13.096774193548388,81996.740000000005,12387.299999999999,6397.8200000000015,9316.2999999999975,14310.419999999996
16,2017,5,42,5944,268,3,1071.8599999999999,81996.740000000005,11654.26,6397.8200000000015,48448.5
18,2017,5,478,113288,6704,6.625,21433.939999999995,1071.8599999999999,12387.299999999999,11654.26,121142.44000000005
2,2017,5,280,43364,3440,3.9545454545454546,13141.400000000007,21433.939999999995,81996.740000000005,12387.299999999999,2352.46
24,2017,5,66,14048,1584,2.8888888888888888,2415.7399999999998,13141.400000000007,1071.8599999999999,81996.740000000005,8471.6600000000035
26,2017,5,36,10424,524,1.8,3017.6799999999994,2415.7399999999998,21433.939999999995,1071.8599999999999,2703.02
25,2017,5,46,14026,898,2,2643.3600000000001,3017.6799999999994,13141.400000000007,21433.939999999995,16647.680000000004
4,2017,5,4432,828684,54516,38.41935483870968,209376.50000000003,2643.3600000000001,2415.7399999999998,13141.400000000007,23647.079999999994
12,2017,5,594,111658,6260,4.8888888888888893,26555.720000000005,209376.50000000003,3017.6799999999994,2415.7399999999998,9316.2999999999975
11,2017,5,234,35462,2712,2.736842105263158,9002.7600000000002,26555.720000000005,2643.3600000000001,3017.6799999999994,6397.8200000000015
6,2017,5,3358,681316,46022,31.032258064516128,135601.39999999999,9002.7600000000002,209376.50000000003,2643.3600000000001,11654.26
19,2017,5,812,149372,10090,7.0999999999999996,42310.319999999992,135601.39999999999,26555.720000000005,209376.50000000003,12387.299999999999
17,2017,5,142,31060,1858,3.4615384615384617,7774.0599999999995,42310.319999999992,9002.7600000000002,26555.720000000005,81996.740000000005
10,2017,5,1710,357788,23798,16.516129032258064,95133.259999999995,7774.0599999999995,135601.39999999999,9002.7600000000002,1071.8599999999999
27,2017,5,64,9150,672,2.7999999999999998,4765.2799999999988,95133.259999999995,42310.319999999992,135601.39999999999,21433.939999999995
9,2017,5,742,161840,10952,7.903225806451613,39297.759999999995,4765.2799999999988,7774.0599999999995,42310.319999999992,13141.400000000007
8,2017,5,1196,250650,15202,10.333333333333334,55245.880000000005,39297.759999999995,95133.259999999995,7774.0599999999995,2415.7399999999998
20,2017,5,494,122324,6798,6.375,32024.02,55245.880000000005,4765.2799999999988,95133.259999999995,3017.6799999999994
1,2017,5,10210,2493894,163334,117.29032258064517,508181.69999999995,32024.02,39297.759999999995,4765.2799999999988,2643.3600000000001
22,2017,5,48,12698,732,1.5714285714285714,1657.7600000000002,508181.69999999995,55245.880000000005,39297.759999999995,209376.50000000003
3,2017,5,1606,329002,22744,16.193548387096776,76311.51999999999,1657.7600000000002,32024.02,55245.880000000005,26555.720000000005
27,2017,6,46,3748,380,2,1020.54,76311.51999999999,508181.69999999995,32024.02,9002.7600000000002
17,2017,6,194,44570,2574,5.0714285714285712,16002.719999999999,1020.54,1657.7600000000002,508181.69999999995,135601.39999999999
21,2017,6,142,26748,1442,3.6000000000000001,5253.9200000000001,16002.719999999999,76311.51999999999,1657.7600000000002,42310.319999999992
19,2017,6,442,130064,8478,6.1481481481481479,24920.420000000002,5253.9200000000001,1020.54,76311.51999999999,7774.0599999999995
12,2017,6,400,77226,4546,3.75,23114.02,24920.420000000002,16002.719999999999,1020.54,95133.259999999995
11,2017,6,182,42386,2852,4.1333333333333337,10437.200000000001,23114.02,5253.9200000000001,16002.719999999999,4765.2799999999988
7,2017,6,166,34262,2322,4.2666666666666666,9896.5800000000017,10437.200000000001,24920.420000000002,5253.9200000000001,39297.759999999995
6,2017,6,2946,582116,38832,29.133333333333333,125790.72000000003,9896.5800000000017,23114.02,24920.420000000002,55245.880000000005
14,2017,6,84,30422,1348,3.2222222222222223,3186.1199999999999,125790.72000000003,10437.200000000001,23114.02,32024.02
4,2017,6,3060,682668,44598,32.633333333333333,140829.36000000002,3186.1199999999999,9896.5800000000017,10437.200000000001,508181.69999999995
24,2017,6,54,13830,976,2.5555555555555554,4341.7800000000007,140829.36000000002,125790.72000000003,9896.5800000000017,1657.7600000000002
2,2017,6,206,60066,3642,5,13837.180000000002,4341.7800000000007,3186.1199999999999,125790.72000000003,76311.51999999999
26,2017,6,12,1910,330,3.5,1287.5999999999999,13837.180000000002,140829.36000000002,3186.1199999999999,1020.54
23,2017,6,56,9518,980,3.5,2552.04,1287.5999999999999,4341.7800000000007,140829.36000000002,16002.719999999999
5,2017,6,806,242518,13364,11.148148148148149,37319.040000000008,2552.04,13837.180000000002,4341.7800000000007,5253.9200000000001
15,2017,6,84,11978,774,3,9188.9999999999982,37319.040000000008,1287.5999999999999,13837.180000000002,24920.420000000002
16,2017,6,12,3130,264,1.3333333333333333,350.36000000000001,9188.9999999999982,2552.04,1287.5999999999999,23114.02
10,2017,6,1212,280234,18452,13.068965517241379,70295.840000000011,350.36000000000001,37319.040000000008,2552.04,10437.200000000001
9,2017,6,674,112810,8444,7.1481481481481479,28155.199999999993,70295.840000000011,9188.9999999999982,37319.040000000008,9896.5800000000017
8,2017,6,954,233600,13584,11.379310344827585,64464.379999999983,28155.199999999993,350.36000000000001,9188.9999999999982,125790.72000000003
25,2017,6,6,1172,88,3,409.68000000000001,64464.379999999983,70295.840000000011,350.36000000000001,3186.1199999999999
3,2017,6,1728,368168,25576,19.233333333333334,86236.160000000003,409.68000000000001,28155.199999999993,70295.840000000011,140829.36000000002
13,2017,6,112,19664,1538,2.3999999999999999,4716.4600000000009,86236.160000000003,64464.379999999983,28155.199999999993,4341.7800000000007
18,2017,6,532,138334,7926,6.4000000000000004,26169.099999999995,4716.4600000000009,409.68000000000001,64464.379999999983,13837.180000000002
22,2017,6,114,26106,1446,4.75,5416.8999999999996,26169.099999999995,86236.160000000003,409.68000000000001,1287.5999999999999
20,2017,6,416,71072,5076,4,19257.740000000002,5416.8999999999996,4716.4600000000009,86236.160000000003,2552.04
1,2017,6,9400,2303202,148740,109.03333333333333,467056.47999999998,19257.740000000002,26169.099999999995,4716.4600000000009,37319.040000000008
11,2017,7,240,49724,2980,3.6875,10581.380000000001,467056.47999999998,5416.8999999999996,26169.099999999995,9188.9999999999982
17,2017,7,258,40816,3494,4.7647058823529411,23323.919999999995,10581.380000000001,19257.740000000002,5416.8999999999996,350.36000000000001
9,2017,7,540,116330,9904,8.5714285714285712,23066.660000000003,23323.919999999995,467056.47999999998,19257.740000000002,70295.840000000011
10,2017,7,1564,331324,21856,16.451612903225808,70303.800000000017,23066.660000000003,10581.380000000001,467056.47999999998,28155.199999999993
6,2017,7,3456,688912,50102,37.41935483870968,162442.28,70303.800000000017,23323.919999999995,10581.380000000001,64464.379999999983
27,2017,7,28,9870,434,3,1588.8,162442.28,23066.660000000003,23323.919999999995,409.68000000000001
25,2017,7,102,4742,734,1.8,3691.1599999999999,1588.8,70303.800000000017,23066.660000000003,86236.160000000003
23,2017,7,196,26730,1916,2.3999999999999999,7616.0600000000004,3691.1599999999999,162442.28,70303.800000000017,4716.4600000000009
7,2017,7,362,82292,4442,4.5199999999999996,28840.5,7616.0600000000004,1588.8,162442.28,26169.099999999995
21,2017,7,202,25440,2102,2.5333333333333332,7221.1400000000003,28840.5,3691.1599999999999,1588.8,5416.8999999999996
19,2017,7,486,105570,8652,7.2222222222222223,23661.779999999999,7221.1400000000003,7616.0600000000004,3691.1599999999999,19257.740000000002
5,2017,7,1342,293510,18862,13.741935483870968,59481.55999999999,23661.779999999999,28840.5,7616.0600000000004,467056.47999999998
12,2017,7,376,94770,5874,5.3703703703703702,23658.98,59481.55999999999,7221.1400000000003,28840.5,10581.380000000001
13,2017,7,270,73062,3904,4.5454545454545459,17147.48,23658.98,23661.779999999999,7221.1400000000003,23323.919999999995
14,2017,7,230,39570,3060,4.6842105263157894,9091.5799999999999,17147.48,59481.55999999999,23661.779999999999,23066.660000000003
4,2017,7,4504,1046666,64716,46.87096774193548,232612.34,9091.5799999999999,23658.98,59481.55999999999,70303.800000000017
3,2017,7,2068,503882,29830,19.580645161290324,82340.239999999962,232612.34,17147.48,23658.98,162442.28
1,2017,7,11868,2717242,189198,138.06451612903226,535356.85999999999,82340.239999999962,9091.5799999999999,17147.48,1588.8
22,2017,7,52,12072,880,2.125,2857.2800000000002,535356.85999999999,232612.34,9091.5799999999999,3691.1599999999999
8,2017,7,1144,297632,17404,13.800000000000001,52163.459999999992,2857.2800000000002,82340.239999999962,232612.34,7616.0600000000004
20,2017,7,726,142756,9128,7.333333333333333,34815.040000000008,52163.459999999992,535356.85999999999,82340.239999999962,28840.5
15,2017,7,12,1468,116,2,253.16,34815.040000000008,2857.2800000000002,535356.85999999999,7221.1400000000003
24,2017,7,72,22340,1416,4.2000000000000002,3546.3799999999997,253.16,52163.459999999992,2857.2800000000002,23661.779999999999
26,2017,7,6,3006,76,2,584.77999999999997,3546.3799999999997,34815.040000000008,52163.459999999992,59481.55999999999
2,2017,7,318,62704,4418,5.4782608695652177,16413.199999999997,584.77999999999997,253.16,34815.040000000008,23658.98
16,2017,7,10,730,114,6,450.01999999999998,16413.199999999997,3546.3799999999997,253.16,17147.48
18,2017,7,696,150080,8838,8.1785714285714288,41476.319999999992,450.01999999999998,584.77999999999997,3546.3799999999997,9091.5799999999999
25,2017,8,70,7676,566,2.6000000000000001,3347.2600000000002,41476.319999999992,16413.199999999997,584.77999999999997,232612.34
22,2017,8,140,26550,1856,4.75,6979.5400000000018,3347.2600000000002,450.01999999999998,16413.199999999997,82340.239999999962
9,2017,8,860,149604,11302,9.0999999999999996,36549.940000000002,6979.5400000000018,41476.319999999992,450.01999999999998,535356.85999999999
8,2017,8,1472,326964,17662,14.896551724137931,77326.239999999976,36549.940000000002,3347.2600000000002,41476.319999999992,2857.2800000000002
3,2017,8,1936,491180,32904,22.032258064516128,96240.619999999995,77326.239999999976,6979.5400000000018,3347.2600000000002,52163.459999999992
11,2017,8,158,48732,2878,3.75,12378.08,96240.619999999995,36549.940000000002,6979.5400000000018,34815.040000000008
19,2017,8,874,215330,12518,9.0999999999999996,128016.92000000004,12378.08,77326.239999999976,36549.940000000002,253.16
17,2017,8,156,32110,2136,4.916666666666667,8988.4000000000015,128016.92000000004,96240.619999999995,77326.239999999976,3546.3799999999997
1,2017,8,12022,2851968,202682,147.38709677419354,565965.16000000003,8988.4000000000015,12378.08,96240.619999999995,584.77999999999997
27,2017,8,40,9570,402,1.75,1531.6599999999999,565965.16000000003,128016.92000000004,12378.08,16413.199999999997
4,2017,8,4332,925404,63012,47.161290322580648,225541.31999999998,1531.6599999999999,8988.4000000000015,128016.92000000004,450.01999999999998
21,2017,8,158,30642,2644,4.0666666666666664,18255.959999999995,225541.31999999998,565965.16000000003,8988.4000000000015,41476.319999999992
6,2017,8,3480,785002,52912,40.032258064516128,168324.98000000004,18255.959999999995,1531.6599999999999,565965.16000000003,3347.2600000000002
12,2017,8,678,105784,8166,5.9642857142857144,31626.800000000007,168324.98000000004,225541.31999999998,1531.6599999999999,6979.5400000000018
10,2017,8,1602,395570,25940,18.64516129032258,83620.560000000012,31626.800000000007,18255.959999999995,225541.31999999998,36549.940000000002
18,2017,8,618,170252,9440,8.5925925925925934,27626.840000000011,83620.560000000012,168324.98000000004,18255.959999999995,77326.239999999976
20,2017,8,786,150650,9494,8.0344827586206904,35282.240000000005,27626.840000000011,31626.800000000007,168324.98000000004,96240.619999999995
26,2017,8,8,2890,398,5.5,945.15999999999997,35282.240000000005,83620.560000000012,31626.800000000007,12378.08
14,2017,8,166,51214,2218,4.2000000000000002,7173.1399999999994,945.15999999999997,27626.840000000011,83620.560000000012,128016.92000000004
13,2017,8,426,64706,4408,4.2608695652173916,16790.399999999998,7173.1399999999994,35282.240000000005,27626.840000000011,8988.4000000000015
5,2017,8,1016,296584,17616,12.483870967741936,73121.219999999987,16790.399999999998,945.15999999999997,35282.240000000005,565965.16000000003
15,2017,8,74,33686,1612,2.5,5037.04,73121.219999999987,7173.1399999999994,945.15999999999997,1531.6599999999999
7,2017,8,444,64018,5262,4.4347826086956523,29105.599999999999,5037.04,16790.399999999998,7173.1399999999994,225541.31999999998
23,2017,8,162,39260,1940,2.2857142857142856,23890.959999999999,29105.599999999999,73121.219999999987,16790.399999999998,18255.959999999995
2,2017,8,520,106264,6536,6.5652173913043477,43907.659999999996,23890.959999999999,5037.04,73121.219999999987,168324.98000000004
24,2017,8,226,47338,2432,4.2000000000000002,12638.100000000002,43907.659999999996,29105.599999999999,5037.04,31626.800000000007
8,2017,9,1470,329176,20272,16.166666666666668,66878.200000000012,12638.100000000002,23890.959999999999,29105.599999999999,83620.560000000012
18,2017,9,732,223118,11618,10.296296296296296,36781.880000000012,66878.200000000012,43907.659999999996,23890.959999999999,27626.840000000011
20,2017,9,722,187058,9334,8.1481481481481488,45963.680000000008,36781.880000000012,12638.100000000002,43907.659999999996,35282.240000000005
22,2017,9,154,40036,1876,3.8181818181818183,12456.92,45963.680000000008,66878.200000000012,12638.100000000002,945.15999999999997
1,2017,9,10680,2957454,182440,138.83333333333334,638191.19999999984,12456.92,36781.880000000012,66878.200000000012,7173.1399999999994
3,2017,9,2270,536728,32236,22.800000000000001,104790.67999999999,638191.19999999984,45963.680000000008,36781.880000000012,16790.399999999998
10,2017,9,1310,357088,21260,15.066666666666666,81447.439999999973,104790.67999999999,12456.92,45963.680000000008,73121.219999999987
17,2017,9,248,71088,3252,5.375,15958.239999999996,81447.439999999973,638191.19999999984,12456.92,5037.04
9,2017,9,648,157804,10390,8.3793103448275854,33970.880000000005,15958.239999999996,104790.67999999999,638191.19999999984,29105.599999999999
6,2017,9,3696,887920,56704,43.333333333333336,227613.18000000005,33970.880000000005,81447.439999999973,104790.67999999999,23890.959999999999
25,2017,9,36,13334,790,2.4285714285714284,4314.1999999999998,227613.18000000005,15958.239999999996,81447.439999999973,43907.659999999996
27,2017,9,36,11186,534,2.7999999999999998,4058.46,4314.1999999999998,33970.880000000005,15958.239999999996,12638.100000000002
26,2017,9,8,3540,436,2.5,2490.4000000000001,4058.46,227613.18000000005,33970.880000000005,66878.200000000012
24,2017,9,82,23244,1640,3.4166666666666665,7860.0599999999995,2490.4000000000001,4314.1999999999998,227613.18000000005,36781.880000000012
2,2017,9,290,77306,4762,5.791666666666667,17875.959999999999,7860.0599999999995,4058.46,4314.1999999999998,45963.680000000008
14,2017,9,144,48774,2648,3.6875,15160.879999999999,17875.959999999999,2490.4000000000001,4058.46,12456.92
15,2017,9,126,45742,2252,4.2307692307692308,10047.800000000001,15160.879999999999,7860.0599999999995,2490.4000000000001,638191.19999999984
16,2017,9,4,1416,92,3,130.74000000000001,10047.800000000001,17875.959999999999,7860.0599999999995,104790.67999999999
23,2017,9,224,46820,1872,4.1428571428571432,10383.300000000001,130.74000000000001,15160.879999999999,17875.959999999999,81447.439999999973
21,2017,9,160,41370,2626,2.6842105263157894,8230.6000000000004,10383.300000000001,10047.800000000001,15160.879999999999,15958.239999999996
7,2017,9,384,79526,3864,4.0999999999999996,20644.540000000001,8230.6000000000004,130.74000000000001,10047.800000000001,33970.880000000005
12,2017,9,652,172498,9504,8.0666666666666664,63202.040000000008,20644.540000000001,10383.300000000001,130.74000000000001,227613.18000000005
5,2017,9,1256,262968,17674,12.931034482758621,68850.240000000005,63202.040000000008,8230.6000000000004,10383.300000000001,4314.1999999999998
4,2017,9,4630,1152348,73826,50.266666666666666,449290.0400000001,68850.240000000005,20644.540000000001,8230.6000000000004,4058.46
13,2017,9,302,102212,4610,4.5217391304347823,24618.899999999987,449290.0400000001,63202.040000000008,20644.540000000001,2490.4000000000001
11,2017,9,204,51774,3380,4.1904761904761907,11854.600000000004,24618.899999999987,68850.240000000005,63202.040000000008,7860.0599999999995
19,2017,9,656,176794,11516,8.9655172413793096,48634.079999999987,11854.600000000004,449290.0400000001,68850.240000000005,17875.959999999999
24,2017,10,206,33584,2292,4.5333333333333332,11768.399999999998,48634.079999999987,24618.899999999987,449290.0400000001,15160.879999999999
26,2017,10,14,9696,300,2.3333333333333335,3393.48,11768.399999999998,11854.600000000004,24618.899999999987,10047.800000000001
2,2017,10,344,96750,6270,5.291666666666667,22045.66,3393.48,48634.079999999987,11854.600000000004,130.74000000000001
3,2017,10,1764,450132,30090,22.870967741935484,147049.52000000002,22045.66,11768.399999999998,48634.079999999987,10383.300000000001
1,2017,10,11824,3243556,206682,148.29032258064515,726978.54000000004,147049.52000000002,3393.48,11768.399999999998,8230.6000000000004
20,2017,10,676,152390,9074,8.3703703703703702,44308.400000000001,726978.54000000004,22045.66,3393.48,20644.540000000001
22,2017,10,106,31880,1468,3.7272727272727271,4956.6599999999989,44308.400000000001,147049.52000000002,22045.66,63202.040000000008
8,2017,10,1328,302400,20086,15.666666666666666,73820.079999999973,4956.6599999999989,726978.54000000004,147049.52000000002,68850.240000000005
9,2017,10,532,166618,11830,8.6451612903225801,29733.02,73820.079999999973,44308.400000000001,726978.54000000004,449290.0400000001
13,2017,10,430,96412,5208,5.1538461538461542,37194.480000000003,29733.02,4956.6599999999989,44308.400000000001,24618.899999999987
15,2017,10,94,25728,1388,3.5,6787.5399999999991,37194.480000000003,73820.079999999973,4956.6599999999989,11854.600000000004
14,2017,10,228,53832,2658,4.0714285714285712,13309.899999999998,6787.5399999999991,29733.02,73820.079999999973,48634.079999999987
5,2017,10,878,311524,18848,14.064516129032258,55920.180000000015,13309.899999999998,37194.480000000003,29733.02,11768.399999999998
7,2017,10,386,106852,5930,5.6521739130434785,38885.980000000003,55920.180000000015,6787.5399999999991,37194.480000000003,3393.48
23,2017,10,320,48450,3100,3.9411764705882355,18566.759999999998,38885.980000000003,13309.899999999998,6787.5399999999991,22045.66
21,2017,10,228,48752,3070,6.2857142857142856,12542.320000000002,18566.759999999998,55920.180000000015,13309.899999999998,147049.52000000002
16,2017,10,10,4298,236,2.3333333333333335,1050.3000000000002,12542.320000000002,38885.980000000003,55920.180000000015,726978.54000000004
18,2017,10,596,186608,10442,8.2068965517241388,37353.479999999996,1050.3000000000002,18566.759999999998,38885.980000000003,44308.400000000001
6,2017,10,4100,1011358,65530,44.774193548387096,229838.30000000005,37353.479999999996,12542.320000000002,18566.759999999998,4956.6599999999989
17,2017,10,332,58372,2758,4.5,25515.779999999999,229838.30000000005,1050.3000000000002,12542.320000000002,73820.079999999973
19,2017,10,924,231342,13320,12.466666666666667,56014.439999999995,25515.779999999999,37353.479999999996,1050.3000000000002,29733.02
12,2017,10,544,137306,7484,5.7037037037037033,32528.759999999991,56014.439999999995,229838.30000000005,37353.479999999996,37194.480000000003
11,2017,10,264,65018,4076,6.5555555555555554,21095.740000000002,32528.759999999991,25515.779999999999,229838.30000000005,6787.5399999999991
10,2017,10,1676,416328,24096,17.64516129032258,99844.099999999977,21095.740000000002,56014.439999999995,25515.779999999999,13309.899999999998
4,2017,10,5164,1216088,76690,54.612903225806448,289591.25999999995,99844.099999999977,32528.759999999991,56014.439999999995,55920.180000000015
25,2017,10,6,3336,228,2,329.12,289591.25999999995,21095.740000000002,32528.759999999991,38885.980000000003
27,2017,10,36,9464,732,3,1916.3399999999999,329.12,99844.099999999977,21095.740000000002,18566.759999999998
14,2017,11,368,99538,5070,6.1904761904761907,22614.000000000004,1916.3399999999999,289591.25999999995,99844.099999999977,12542.320000000002
15,2017,11,176,38150,2128,3.8999999999999999,8502.0400000000009,22614.000000000004,329.12,289591.25999999995,1050.3000000000002
16,2017,11,6,3790,176,2,302.92000000000002,8502.0400000000009,1916.3399999999999,329.12,37353.479999999996
5,2017,11,2198,574934,34458,28.413793103448278,126983.3,302.92000000000002,22614.000000000004,1916.3399999999999,229838.30000000005
23,2017,11,340,63150,3444,4.4666666666666668,25398.580000000002,126983.3,8502.0400000000009,22614.000000000004,25515.779999999999
26,2017,11,28,11172,432,1.5,1934.2599999999998,25398.580000000002,302.92000000000002,8502.0400000000009,56014.439999999995
24,2017,11,270,49612,2546,4.1578947368421053,15680.499999999995,1934.2599999999998,126983.3,302.92000000000002,32528.759999999991
2,2017,11,488,125090,7622,7.115384615384615,32752.879999999997,15680.499999999995,25398.580000000002,126983.3,21095.740000000002
20,2017,11,1106,251370,14852,12.862068965517242,65213.039999999994,32752.879999999997,1934.2599999999998,25398.580000000002,99844.099999999977
22,2017,11,232,39448,1788,3.0714285714285716,14894.619999999999,65213.039999999994,15680.499999999995,1934.2599999999998,289591.25999999995
1,2017,11,20656,5122596,343242,258.23333333333335,1066656.0399999998,14894.619999999999,32752.879999999997,15680.499999999995,329.12
18,2017,11,1138,325390,17400,13.566666666666666,83297.240000000005,1066656.0399999998,65213.039999999994,32752.879999999997,1916.3399999999999
27,2017,11,34,6262,438,1.8,1890.3199999999997,83297.240000000005,14894.619999999999,65213.039999999994,22614.000000000004
17,2017,11,292,50126,2956,3.7894736842105261,12572.66,1890.3199999999997,1066656.0399999998,14894.619999999999,8502.0400000000009
19,2017,11,1266,271310,18238,13.333333333333334,61603.539999999986,12572.66,83297.240000000005,1066656.0399999998,302.92000000000002
21,2017,11,190,49226,3360,3.5,7833.4199999999992,61603.539999999986,1890.3199999999997,83297.240000000005,126983.3
6,2017,11,7120,1656750,112326,87.700000000000003,455256.22000000003,7833.4199999999992,12572.66,1890.3199999999997,25398.580000000002
7,2017,11,598,166444,8698,6.3703703703703702,43782.079999999994,455256.22000000003,61603.539999999986,12572.66,1934.2599999999998
13,2017,11,390,108828,6250,6.2962962962962967,30444.559999999998,43782.079999999994,7833.4199999999992,61603.539999999986,15680.499999999995
12,2017,11,1148,192658,12632,10.793103448275861,56051.739999999991,30444.559999999998,455256.22000000003,7833.4199999999992,32752.879999999997
11,2017,11,346,69592,5418,4.3636363636363633,17595.399999999998,56051.739999999991,43782.079999999994,455256.22000000003,65213.039999999994
4,2017,11,8366,1814850,120922,86.466666666666669,462705.79999999999,17595.399999999998,30444.559999999998,43782.079999999994,14894.619999999999
10,2017,11,3078,739624,45644,33.966666666666669,178140.86000000002,462705.79999999999,56051.739999999991,30444.559999999998,1066656.0399999998
8,2017,11,2128,455192,30396,22.300000000000001,114006.44,178140.86000000002,17595.399999999998,56051.739999999991,83297.240000000005
9,2017,11,1402,262078,19728,13.366666666666667,68371.5,114006.44,462705.79999999999,17595.399999999998,1890.3199999999997
3,2017,11,3282,704756,49020,37.733333333333334,187252.03999999998,68371.5,178140.86000000002,462705.79999999999,12572.66
25,2017,11,102,22706,914,2.5555555555555554,6002.0200000000004,187252.03999999998,114006.44,178140.86000000002,61603.539999999986
23,2017,12,118,15246,1186,2.75,5361.5199999999995,6002.0200000000004,68371.5,114006.44,7833.4199999999992
7,2017,12,410,80652,5510,6.9047619047619051,26018.999999999996,5361.5199999999995,187252.03999999998,68371.5,455256.22000000003
4,2017,12,5532,1292446,83124,63.032258064516128,327205.72000000003,26018.999999999996,6002.0200000000004,187252.03999999998,43782.079999999994
5,2017,12,1172,306774,20538,16.870967741935484,65107.020000000011,327205.72000000003,5361.5199999999995,6002.0200000000004,30444.559999999998
12,2017,12,580,142420,8304,6.5,28927.580000000002,65107.020000000011,26018.999999999996,5361.5199999999995,56051.739999999991
13,2017,12,300,81348,4676,5.4400000000000004,17045.359999999997,28927.580000000002,327205.72000000003,26018.999999999996,17595.399999999998
14,2017,12,222,62734,3714,3.2857142857142856,9170.6800000000039,17045.359999999997,65107.020000000011,327205.72000000003,462705.79999999999
18,2017,12,794,225182,14940,11.933333333333334,50220.020000000011,9170.6800000000039,28927.580000000002,65107.020000000011,178140.86000000002
2,2017,12,384,115438,5832,4.833333333333333,27992.740000000002,50220.020000000011,17045.359999999997,28927.580000000002,114006.44
24,2017,12,186,55688,2374,4.875,12301.879999999999,27992.740000000002,9170.6800000000039,17045.359999999997,68371.5
26,2017,12,22,12356,556,1.5,1541.1199999999999,12301.879999999999,50220.020000000011,9170.6800000000039,187252.03999999998
15,2017,12,52,39622,1728,2.5833333333333335,3996.0399999999991,1541.1199999999999,27992.740000000002,50220.020000000011,6002.0200000000004
17,2017,12,264,62506,3968,4.1818181818181817,15841.819999999998,3996.0399999999991,12301.879999999999,27992.740000000002,5361.5199999999995
10,2017,12,1650,436182,27776,21.699999999999999,80244.520000000004,15841.819999999998,1541.1199999999999,12301.879999999999,26018.999999999996
9,2017,12,686,174554,11768,9,30273.140000000003,80244.520000000004,3996.0399999999991,1541.1199999999999,327205.72000000003
11,2017,12,276,53364,3822,4.8947368421052628,14718.200000000001,30273.140000000003,15841.819999999998,3996.0399999999991,65107.020000000011
6,2017,12,4854,1271180,78690,57.225806451612904,265068.91999999993,14718.200000000001,80244.520000000004,15841.819999999998,28927.580000000002
19,2017,12,742,221898,13616,11.857142857142858,40664.760000000002,265068.91999999993,30273.140000000003,80244.520000000004,17045.359999999997
21,2017,12,138,40866,2484,6.9090909090909092,7965.5399999999991,40664.760000000002,14718.200000000001,30273.140000000003,9170.6800000000039
25,2017,12,58,18668,978,6,2347.2400000000002,7965.5399999999991,265068.91999999993,14718.200000000001,50220.020000000011
27,2017,12,42,11040,472,2.2000000000000002,3711.5200000000004,2347.2400000000002,40664.760000000002,265068.91999999993,27992.740000000002
8,2017,12,1446,402430,21746,16.387096774193548,86455.000000000015,3711.5200000000004,7965.5399999999991,40664.760000000002,12301.879999999999
22,2017,12,100,15552,1170,4.5555555555555554,5176.3200000000006,86455.000000000015,2347.2400000000002,7965.5399999999991,1541.1199999999999
20,2017,12,854,199146,11448,9.1785714285714288,47515.259999999987,5176.3200000000006,3711.5200000000004,2347.2400000000002,3996.0399999999991
1,2017,12,15314,3934322,264240,202.12903225806451,795348.17999999959,47515.259999999987,86455.000000000015,3711.5200000000004,15841.819999999998
3,2017,12,1960,457774,31226,22.451612903225808,115492.61999999997,795348.17999999959,5176.3200000000006,86455.000000000015,80244.520000000004
16,2018,1,4,1644,176,1.5,556.88,115492.61999999997,47515.259999999987,5176.3200000000006,30273.140000000003
20,2018,1,670,177676,10810,9.068965517241379,40420.639999999978,556.88,795348.17999999959,47515.259999999987,14718.200000000001
18,2018,1,924,245396,14894,12.166666666666666,50843.380000000012,40420.639999999978,115492.61999999997,795348.17999999959,265068.91999999993
26,2018,1,52,16168,1278,4.375,8866.6399999999994,50843.380000000012,556.88,115492.61999999997,40664.760000000002
22,2018,1,136,31468,2260,3.1875,7359.4400000000005,8866.6399999999994,40420.639999999978,556.88,7965.5399999999991
8,2018,1,1732,401804,25510,20.806451612903224,111581.40000000001,7359.4400000000005,50843.380000000012,40420.639999999978,2347.2400000000002
9,2018,1,988,250146,15814,12.033333333333333,52684.160000000011,111581.40000000001,8866.6399999999994,50843.380000000012,3711.5200000000004
3,2018,1,2466,614008,43884,31.548387096774192,137686.37999999995,52684.160000000011,7359.4400000000005,8866.6399999999994,86455.000000000015
1,2018,1,18128,5155780,337648,248.2258064516129,1094834.2999999998,137686.37999999995,111581.40000000001,7359.4400000000005,5176.3200000000006
25,2018,1,70,17682,1282,4.2727272727272725,6866.9200000000001,1094834.2999999998,52684.160000000011,111581.40000000001,47515.259999999987
24,2018,1,120,28884,1894,2.7999999999999998,7871.2400000000016,6866.9200000000001,137686.37999999995,52684.160000000011,795348.17999999959
23,2018,1,244,92248,3986,4.8181818181818183,14797.239999999996,7871.2400000000016,1094834.2999999998,137686.37999999995,115492.61999999997
13,2018,1,386,95896,6526,5.4444444444444446,30592.399999999998,14797.239999999996,6866.9200000000001,1094834.2999999998,556.88
15,2018,1,152,47994,2336,2.4666666666666668,9518.9400000000005,30592.399999999998,7871.2400000000016,6866.9200000000001,40420.639999999978
14,2018,1,350,91680,5386,4.3043478260869561,15342.360000000002,9518.9400000000005,14797.239999999996,7871.2400000000016,50843.380000000012
5,2018,1,1920,538254,34746,27.322580645161292,110826.94,15342.360000000002,30592.399999999998,14797.239999999996,8866.6399999999994
2,2018,1,468,118332,7420,6.4444444444444446,40031.259999999995,110826.94,9518.9400000000005,30592.399999999998,7359.4400000000005
21,2018,1,324,77164,4910,4.8695652173913047,19265.480000000003,40031.259999999995,15342.360000000002,9518.9400000000005,111581.40000000001
12,2018,1,748,216934,11268,13.23076923076923,55172.979999999996,19265.480000000003,110826.94,15342.360000000002,52684.160000000011
10,2018,1,2226,774456,43056,32.516129032258064,166835.46000000002,55172.979999999996,40031.259999999995,110826.94,137686.37999999995
17,2018,1,200,51310,3360,4.7000000000000002,16481.880000000001,166835.46000000002,19265.480000000003,40031.259999999995,1094834.2999999998
19,2018,1,1000,289776,16288,13,53119.699999999997,16481.880000000001,55172.979999999996,19265.480000000003,6866.9200000000001
4,2018,1,5842,1718178,100330,67.129032258064512,356992.36000000004,53119.699999999997,166835.46000000002,55172.979999999996,7871.2400000000016
11,2018,1,364,127082,7306,6,27024.200000000008,356992.36000000004,16481.880000000001,166835.46000000002,14797.239999999996
27,2018,1,20,16838,694,4.2000000000000002,2315.7799999999997,27024.200000000008,53119.699999999997,16481.880000000001,30592.399999999998
7,2018,1,564,156284,9574,10.777777777777779,35786.139999999999,2315.7799999999997,356992.36000000004,53119.699999999997,9518.9400000000005
6,2018,1,5978,1522358,98834,72.709677419354833,343056.79999999993,35786.139999999999,27024.200000000008,356992.36000000004,15342.360000000002
15,2018,2,132,43730,2128,3.8125,7218.079999999999,343056.79999999993,2315.7799999999997,27024.200000000008,110826.94
14,2018,2,250,47220,2522,2.6875,9466.4999999999964,7218.079999999999,35786.139999999999,2315.7799999999997,40031.259999999995
16,2018,2,24,6070,544,2.25,768.01999999999987,9466.4999999999964,343056.79999999993,35786.139999999999,19265.480000000003
26,2018,2,24,1246,176,2,2172.6199999999999,768.01999999999987,7218.079999999999,343056.79999999993,55172.979999999996
24,2018,2,106,55564,2028,3.5833333333333335,15075.839999999997,2172.6199999999999,9466.4999999999964,7218.079999999999,166835.46000000002
1,2018,2,15484,5016592,305890,235.89285714285714,987831.09999999986,15075.839999999997,768.01999999999987,9466.4999999999964,16481.880000000001
3,2018,2,2462,751238,41948,32.535714285714285,144527.28000000003,987831.09999999986,2172.6199999999999,768.01999999999987,53119.699999999997
18,2018,2,892,306498,18616,13.642857142857142,59663.760000000009,144527.28000000003,15075.839999999997,2172.6199999999999,356992.36000000004
20,2018,2,932,215906,13976,12.76,45180.459999999999,59663.760000000009,987831.09999999986,15075.839999999997,27024.200000000008
22,2018,2,94,19938,1464,6.4444444444444446,4603.7800000000007,45180.459999999999,144527.28000000003,987831.09999999986,2315.7799999999997
8,2018,2,1556,446512,25082,17.178571428571427,141417.39999999997,4603.7800000000007,59663.760000000009,144527.28000000003,35786.139999999999
19,2018,2,1074,241604,17164,12.037037037037036,54469.939999999995,141417.39999999997,45180.459999999999,59663.760000000009,343056.79999999993
23,2018,2,196,60722,2754,2.8888888888888888,12250.700000000004,54469.939999999995,4603.7800000000007,45180.459999999999,7218.079999999999
21,2018,2,272,83624,4056,3.9500000000000002,16109.039999999999,12250.700000000004,141417.39999999997,4603.7800000000007,9466.4999999999964
13,2018,2,392,113526,6068,6.1200000000000001,33847.980000000003,16109.039999999999,54469.939999999995,141417.39999999997,768.01999999999987
12,2018,2,786,193682,10038,8.8461538461538467,39869.779999999992,33847.980000000003,12250.700000000004,54469.939999999995,2172.6199999999999
4,2018,2,5968,1765206,104598,77.071428571428569,348298.42000000004,39869.779999999992,16109.039999999999,12250.700000000004,15075.839999999997
5,2018,2,1844,443706,29148,22.678571428571427,98609.560000000041,348298.42000000004,33847.980000000003,16109.039999999999,987831.09999999986
7,2018,2,384,111574,6828,5.4400000000000004,21038.480000000003,98609.560000000041,39869.779999999992,33847.980000000003,144527.28000000003
2,2018,2,592,102024,6870,8.6818181818181817,33316.32,21038.480000000003,348298.42000000004,39869.779999999992,59663.760000000009
11,2018,2,426,135858,7876,6.9199999999999999,29515.059999999998,33316.32,98609.560000000041,348298.42000000004,45180.459999999999
9,2018,2,918,281288,16286,11.892857142857142,48097.200000000019,29515.059999999998,21038.480000000003,98609.560000000041,4603.7800000000007
10,2018,2,2186,634948,37644,29.75,131262.98000000001,48097.200000000019,33316.32,21038.480000000003,141417.39999999997
17,2018,2,370,68806,4340,4.458333333333333,18404.039999999997,131262.98000000001,29515.059999999998,33316.32,54469.939999999995
25,2018,2,82,23004,1204,3.375,10256.040000000001,18404.039999999997,48097.200000000019,29515.059999999998,12250.700000000004
27,2018,2,38,2424,266,1,598.43999999999994,10256.040000000001,131262.98000000001,48097.200000000019,16109.039999999999
6,2018,2,5360,1455140,88270,63.464285714285715,298228.77999999997,598.43999999999994,18404.039999999997,131262.98000000001,33847.980000000003
5,2018,3,1634,461428,28276,20.193548387096776,110544.73999999999,298228.77999999997,10256.040000000001,18404.039999999997,39869.779999999992
21,2018,3,378,67720,4156,4.0434782608695654,23268.280000000006,110544.73999999999,598.43999999999994,10256.040000000001,348298.42000000004
23,2018,3,226,49540,3366,3.736842105263158,17761.18,23268.280000000006,298228.77999999997,598.43999999999994,98609.560000000041
15,2018,3,176,35912,2214,3.1875,11399.379999999999,17761.18,110544.73999999999,298228.77999999997,21038.480000000003
14,2018,3,350,72568,4824,5.2000000000000002,19033.380000000001,11399.379999999999,23268.280000000006,110544.73999999999,33316.32
13,2018,3,366,132464,6668,5.7307692307692308,30137.100000000006,19033.380000000001,17761.18,23268.280000000006,29515.059999999998
7,2018,3,484,133608,6220,6.3214285714285712,25574.139999999999,30137.100000000006,11399.379999999999,17761.18,48097.200000000019
16,2018,3,38,9606,352,2,5287.2800000000007,25574.139999999999,19033.380000000001,11399.379999999999,131262.98000000001
18,2018,3,824,275160,16384,12.064516129032258,60890.779999999999,5287.2800000000007,30137.100000000006,19033.380000000001,18404.039999999997
20,2018,3,884,235894,11988,10.516129032258064,60469.68,60890.779999999999,25574.139999999999,30137.100000000006,10256.040000000001
26,2018,3,20,10700,598,3,1409.0800000000002,60469.68,5287.2800000000007,25574.139999999999,598.43999999999994
24,2018,3,218,35564,2250,4.1538461538461542,8058.4000000000005,1409.0800000000002,60890.779999999999,5287.2800000000007,298228.77999999997
2,2018,3,618,121848,7790,7.6428571428571432,36732.220000000008,8058.4000000000005,60469.68,60890.779999999999,110544.73999999999
27,2018,3,12,3954,152,4,329.34000000000003,36732.220000000008,1409.0800000000002,60469.68,23268.280000000006
25,2018,3,50,26884,1194,3,4046.9199999999996,329.34000000000003,8058.4000000000005,1409.0800000000002,17761.18
6,2018,3,6084,1602536,98662,68.258064516129039,330339.48000000004,4046.9199999999996,36732.220000000008,8058.4000000000005,11399.379999999999
19,2018,3,1208,328414,17860,13.193548387096774,100638.83999999998,330339.48000000004,329.34000000000003,36732.220000000008,19033.380000000001
17,2018,3,332,77966,5036,4.5909090909090908,23871.019999999993,100638.83999999998,4046.9199999999996,329.34000000000003,30137.100000000006
11,2018,3,404,103620,6792,5.75,21771.039999999997,23871.019999999993,330339.48000000004,4046.9199999999996,25574.139999999999
12,2018,3,904,194444,11394,9.5172413793103452,65514.559999999998,21771.039999999997,100638.83999999998,330339.48000000004,5287.2800000000007
10,2018,3,2782,709534,42706,31.483870967741936,149800.46000000002,65514.559999999998,23871.019999999993,100638.83999999998,60890.779999999999
4,2018,3,6920,1587148,105402,69.258064516129039,363103.36000000004,149800.46000000002,21771.039999999997,23871.019999999993,60469.68
3,2018,3,3052,683978,44262,34.387096774193552,161272.37999999998,363103.36000000004,65514.559999999998,21771.039999999997,1409.0800000000002
9,2018,3,850,243010,14768,11.068965517241379,46880.480000000003,161272.37999999998,149800.46000000002,65514.559999999998,8058.4000000000005
22,2018,3,116,20248,1458,2.7777777777777777,6799.1000000000004,46880.480000000003,363103.36000000004,149800.46000000002,36732.220000000008
8,2018,3,1846,473804,30344,22.258064516129032,126204.53999999999,6799.1000000000004,161272.37999999998,363103.36000000004,329.34000000000003
1,2018,3,18880,5643402,344088,243.83870967741936,1140062.74,126204.53999999999,46880.480000000003,161272.37999999998,4046.9199999999996
21,2018,4,302,93942,4238,4.666666666666667,34573.099999999999,1140062.74,6799.1000000000004,46880.480000000003,330339.48000000004
19,2018,4,850,241402,15864,11.793103448275861,52414.700000000004,34573.099999999999,126204.53999999999,6799.1000000000004,100638.83999999998
17,2018,4,266,64318,3560,4.5238095238095237,11846.48,52414.700000000004,1140062.74,126204.53999999999,23871.019999999993
6,2018,4,5104,1475856,89160,67.666666666666671,319486.62000000011,11846.48,34573.099999999999,1140062.74,21771.039999999997
7,2018,4,530,126408,7062,7.458333333333333,29594.459999999999,319486.62000000011,52414.700000000004,34573.099999999999,65514.559999999998
4,2018,4,5616,1597838,98156,72.599999999999994,427256.47999999998,29594.459999999999,11846.48,52414.700000000004,149800.46000000002
12,2018,4,750,165144,11260,10.066666666666666,44026.940000000002,427256.47999999998,319486.62000000011,11846.48,363103.36000000004
13,2018,4,286,98662,5014,5.7826086956521738,20905.02,44026.940000000002,29594.459999999999,319486.62000000011,161272.37999999998
11,2018,4,264,79220,5788,5.4761904761904763,17465.319999999996,20905.02,427256.47999999998,29594.459999999999,46880.480000000003
27,2018,4,24,5508,408,3.25,1176.3399999999999,17465.319999999996,44026.940000000002,427256.47999999998,6799.1000000000004
26,2018,4,50,9292,546,5.25,3018,1176.3399999999999,20905.02,44026.940000000002,126204.53999999999
23,2018,4,208,47802,3126,3.7058823529411766,15816.379999999999,3018,17465.319999999996,20905.02,1140062.74
24,2018,4,144,23574,1140,2.1818181818181817,7427.4800000000023,15816.379999999999,1176.3399999999999,17465.319999999996,34573.099999999999
2,2018,4,518,154944,8282,7.1034482758620694,35477.920000000006,7427.4800000000023,3018,1176.3399999999999,52414.700000000004
14,2018,4,254,61716,3532,4.4705882352941178,16742.580000000002,35477.920000000006,15816.379999999999,3018,11846.48
15,2018,4,86,33766,2048,4.1764705882352944,12766.620000000001,16742.580000000002,7427.4800000000023,15816.379999999999,319486.62000000011
16,2018,4,4,3716,174,1,1544.02,12766.620000000001,35477.920000000006,7427.4800000000023,29594.459999999999
5,2018,4,1836,485800,29086,26.068965517241381,166959.03999999995,1544.02,16742.580000000002,35477.920000000006,427256.47999999998
10,2018,4,2866,785180,45808,34.533333333333331,213195.07999999999,166959.03999999995,12766.620000000001,16742.580000000002,44026.940000000002
8,2018,4,1606,446386,25216,20.166666666666668,88949.500000000015,213195.07999999999,1544.02,12766.620000000001,20905.02
9,2018,4,920,259604,15802,11.133333333333333,50181.520000000011,88949.500000000015,166959.03999999995,1544.02,17465.319999999996
3,2018,4,2072,623784,39072,31.5,145745.34000000003,50181.520000000011,213195.07999999999,166959.03999999995,1176.3399999999999
25,2018,4,44,11876,678,1.8333333333333333,1786.98,145745.34000000003,88949.500000000015,213195.07999999999,3018
18,2018,4,908,264812,16430,13.1,52551.499999999993,1786.98,50181.520000000011,88949.500000000015,15816.379999999999
22,2018,4,82,22320,948,2.3999999999999999,8171.4399999999996,52551.499999999993,145745.34000000003,50181.520000000011,7427.4800000000023
20,2018,4,926,228868,13654,14.23076923076923,54046.939999999995,8171.4399999999996,1786.98,145745.34000000003,35477.920000000006
1,2018,4,19294,6019966,358258,271.06666666666666,1160497.2400000007,54046.939999999995,52551.499999999993,1786.98,16742.580000000002
10,2018,5,2386,613900,36152,28.483870967741936,138992.23999999996,1160497.2400000007,8171.4399999999996,52551.499999999993,12766.620000000001
17,2018,5,220,43704,3248,3.7647058823529411,12227.500000000002,138992.23999999996,54046.939999999995,8171.4399999999996,1544.02
11,2018,5,294,90328,5086,5.9130434782608692,24760.499999999993,12227.500000000002,1160497.2400000007,54046.939999999995,166959.03999999995
25,2018,5,48,18406,772,2.125,4384.96,24760.499999999993,138992.23999999996,1160497.2400000007,213195.07999999999
27,2018,5,12,6250,222,1.5,3002.8399999999997,4384.96,12227.500000000002,138992.23999999996,88949.500000000015
6,2018,5,5626,1442190,89816,65.806451612903231,345003.80000000005,3002.8399999999997,24760.499999999993,12227.500000000002,50181.520000000011
5,2018,5,1782,489798,27218,19.612903225806452,105297.44000000003,345003.80000000005,4384.96,24760.499999999993,145745.34000000003
19,2018,5,994,310052,16304,13.379310344827585,70782.680000000008,105297.44000000003,3002.8399999999997,4384.96,1786.98
21,2018,5,268,71042,4346,5.0999999999999996,27392.139999999999,70782.680000000008,345003.80000000005,3002.8399999999997,52551.499999999993
13,2018,5,254,75252,4044,5.3888888888888893,49930.420000000013,27392.139999999999,105297.44000000003,345003.80000000005,8171.4399999999996
12,2018,5,568,138154,7362,8.2173913043478262,29255.779999999999,49930.420000000013,70782.680000000008,105297.44000000003,54046.939999999995
14,2018,5,158,34792,2474,4.9230769230769234,14120.48,29255.779999999999,27392.139999999999,70782.680000000008,1160497.2400000007
4,2018,5,6170,1630822,97600,73.967741935483872,388733.35999999999,14120.48,49930.420000000013,27392.139999999999,138992.23999999996
9,2018,5,968,279736,15694,12.655172413793103,60140.620000000003,388733.35999999999,29255.779999999999,49930.420000000013,12227.500000000002
7,2018,5,566,155128,9522,8.7777777777777786,37312.799999999996,60140.620000000003,14120.48,29255.779999999999,24760.499999999993
23,2018,5,142,25444,1698,1.8571428571428572,8786.2000000000025,37312.799999999996,388733.35999999999,14120.48,4384.96
22,2018,5,116,29030,1916,3.8461538461538463,7538.8199999999997,8786.2000000000025,60140.620000000003,388733.35999999999,3002.8399999999997
8,2018,5,1904,479126,28438,21.580645161290324,114598.94000000003,7538.8199999999997,37312.799999999996,60140.620000000003,345003.80000000005
20,2018,5,774,192648,10956,9.0769230769230766,37165.040000000008,114598.94000000003,8786.2000000000025,37312.799999999996,105297.44000000003
3,2018,5,2710,704790,42786,33.741935483870968,169723.74000000002,37165.040000000008,7538.8199999999997,8786.2000000000025,70782.680000000008
1,2018,5,20674,5958406,370064,262.51612903225805,1259318.1399999999,169723.74000000002,114598.94000000003,7538.8199999999997,27392.139999999999
2,2018,5,276,82088,4516,5.6842105263157894,23369.340000000007,1259318.1399999999,37165.040000000008,114598.94000000003,49930.420000000013
15,2018,5,76,24860,1668,3,6628.6599999999989,23369.340000000007,169723.74000000002,37165.040000000008,29255.779999999999
16,2018,5,4,1718,112,1,343.38,6628.6599999999989,1259318.1399999999,169723.74000000002,14120.48
18,2018,5,1102,295950,16780,13.241379310344827,69023.099999999991,343.38,23369.340000000007,1259318.1399999999,388733.35999999999
26,2018,5,48,13912,638,2.5,3043.2200000000003,69023.099999999991,6628.6599999999989,23369.340000000007,60140.620000000003
24,2018,5,60,19800,990,2.75,3073.54,3043.2200000000003,343.38,6628.6599999999989,37312.799999999996
9,2018,6,804,234286,14048,11.433333333333334,53334.179999999993,3073.54,69023.099999999991,343.38,8786.2000000000025
8,2018,6,1632,398284,23672,17.666666666666668,117195.07999999997,53334.179999999993,3043.2200000000003,69023.099999999991,7538.8199999999997
1,2018,6,17788,5263460,327400,238.03333333333333,1042230.2200000001,117195.07999999997,3073.54,3043.2200000000003,114598.94000000003
3,2018,6,2046,619694,36564,27.300000000000001,121018.48,1042230.2200000001,53334.179999999993,3073.54,37165.040000000008
25,2018,6,70,14550,952,4,3985.8800000000001,121018.48,117195.07999999997,53334.179999999993,169723.74000000002
22,2018,6,60,25884,1166,2.8888888888888888,5025.5000000000009,3985.8800000000001,1042230.2200000001,117195.07999999997,1259318.1399999999
21,2018,6,218,53870,3198,3.875,13026.839999999998,5025.5000000000009,121018.48,1042230.2200000001,23369.340000000007
6,2018,6,5208,1402698,82784,60.466666666666669,307102.08000000002,13026.839999999998,3985.8800000000001,121018.48,6628.6599999999989
27,2018,6,14,3318,296,5.333333333333333,1194.52,307102.08000000002,5025.5000000000009,3985.8800000000001,343.38
4,2018,6,5226,1344830,83216,61.299999999999997,301683.0799999999,1194.52,13026.839999999998,5025.5000000000009,69023.099999999991
12,2018,6,604,193006,9634,9.1538461538461533,45480.700000000004,301683.0799999999,307102.08000000002,13026.839999999998,3043.2200000000003
10,2018,6,2180,576912,35112,26.533333333333335,117610.69999999995,45480.700000000004,1194.52,307102.08000000002,3073.54
19,2018,6,692,184824,11984,10.068965517241379,37856.039999999994,117610.69999999995,301683.0799999999,1194.52,53334.179999999993
17,2018,6,354,70920,3156,5.117647058823529,31713.340000000004,37856.039999999994,45480.700000000004,301683.0799999999,117195.07999999997
11,2018,6,432,103390,5892,5.7599999999999998,26860.220000000005,31713.340000000004,117610.69999999995,45480.700000000004,1042230.2200000001
7,2018,6,530,123784,7054,6.083333333333333,62235.959999999985,26860.220000000005,37856.039999999994,117610.69999999995,121018.48
16,2018,6,68,8164,588,2.3999999999999999,5040.5399999999991,62235.959999999985,31713.340000000004,37856.039999999994,3985.8800000000001
20,2018,6,764,155476,10368,6.7931034482758621,42264.800000000003,5040.5399999999991,26860.220000000005,31713.340000000004,5025.5000000000009
18,2018,6,1020,277644,15966,11.586206896551724,55866.37999999999,42264.800000000003,62235.959999999985,26860.220000000005,13026.839999999998
26,2018,6,22,3480,206,1,495.84000000000003,55866.37999999999,5040.5399999999991,62235.959999999985,307102.08000000002
2,2018,6,370,110402,6332,4.8076923076923075,27386.460000000003,495.84000000000003,42264.800000000003,5040.5399999999991,1194.52
15,2018,6,172,62862,3572,5.7692307692307692,14286.52,27386.460000000003,55866.37999999999,42264.800000000003,301683.0799999999
13,2018,6,222,75328,4716,4.5652173913043477,17114.260000000002,14286.52,495.84000000000003,55866.37999999999,45480.700000000004
14,2018,6,322,66696,3832,4.1818181818181817,17564.32,17114.260000000002,27386.460000000003,495.84000000000003,117610.69999999995
5,2018,6,1518,463254,25556,19.100000000000001,101100.70000000003,17564.32,14286.52,27386.460000000003,37856.039999999994
24,2018,6,268,35756,3208,3.6666666666666665,16267.080000000002,101100.70000000003,17114.260000000002,14286.52,31713.340000000004
23,2018,6,238,62082,2652,4,10249.899999999996,16267.080000000002,17564.32,17114.260000000002,26860.220000000005
1,2018,7,16680,5018338,317656,224.03225806451613,956045.70000000019,10249.899999999996,101100.70000000003,17564.32,62235.959999999985
3,2018,7,2186,585634,37966,28.483870967741936,135957.52000000008,956045.70000000019,16267.080000000002,101100.70000000003,5040.5399999999991
8,2018,7,1758,492126,26938,19.580645161290324,111791.26000000001,135957.52000000008,10249.899999999996,16267.080000000002,42264.800000000003
20,2018,7,1136,279602,14860,11.903225806451612,68306.240000000005,111791.26000000001,956045.70000000019,10249.899999999996,55866.37999999999
18,2018,7,920,318630,18320,13.833333333333334,60958.19999999999,68306.240000000005,135957.52000000008,956045.70000000019,495.84000000000003
22,2018,7,98,42670,1744,4.0769230769230766,10498.760000000002,60958.19999999999,111791.26000000001,135957.52000000008,27386.460000000003
11,2018,7,280,86708,5980,6.1818181818181817,20000.399999999994,10498.760000000002,68306.240000000005,111791.26000000001,14286.52
10,2018,7,2132,569076,37404,27.193548387096776,153236.22000000006,20000.399999999994,60958.19999999999,68306.240000000005,17114.260000000002
17,2018,7,416,118662,6044,6.2222222222222223,76733.659999999974,153236.22000000006,10498.760000000002,60958.19999999999,17564.32
7,2018,7,352,105734,6240,5.2800000000000002,36237.82,76733.659999999974,20000.399999999994,10498.760000000002,101100.70000000003
9,2018,7,764,227046,14332,10.300000000000001,116552.80000000002,36237.82,153236.22000000006,20000.399999999994,16267.080000000002
25,2018,7,108,27272,2046,5.25,7439.8200000000006,116552.80000000002,76733.659999999974,153236.22000000006,10249.899999999996
27,2018,7,64,26060,838,7.666666666666667,10004.299999999997,7439.8200000000006,36237.82,76733.659999999974,956045.70000000019
6,2018,7,4548,1184570,72312,53,270193.96000000002,10004.299999999997,116552.80000000002,36237.82,135957.52000000008
26,2018,7,30,9346,594,1.8,3227.2599999999998,270193.96000000002,7439.8200000000006,116552.80000000002,111791.26000000001
24,2018,7,170,46242,2692,4.2105263157894735,11310.300000000003,3227.2599999999998,10004.299999999997,7439.8200000000006,68306.240000000005
14,2018,7,280,72800,3602,4.7777777777777777,20619.139999999999,11310.300000000003,270193.96000000002,10004.299999999997,60958.19999999999
15,2018,7,166,47434,2442,3.7058823529411766,8618.4200000000001,20619.139999999999,3227.2599999999998,270193.96000000002,10498.760000000002
16,2018,7,54,13878,702,2.3999999999999999,6252.2600000000002,8618.4200000000001,11310.300000000003,3227.2599999999998,20000.399999999994
2,2018,7,408,128230,6336,6.1538461538461542,34107.019999999997,6252.2600000000002,20619.139999999999,11310.300000000003,153236.22000000006
12,2018,7,718,201194,11102,10.607142857142858,51415.220000000023,34107.019999999997,8618.4200000000001,20619.139999999999,76733.659999999974
13,2018,7,270,84302,4290,4.8181818181818183,18722.139999999992,51415.220000000023,6252.2600000000002,8618.4200000000001,36237.82
19,2018,7,846,220828,13998,8.9333333333333336,97659.999999999985,18722.139999999992,34107.019999999997,6252.2600000000002,116552.80000000002
5,2018,7,1162,373888,21938,16.322580645161292,88459.22000000003,97659.999999999985,51415.220000000023,34107.019999999997,7439.8200000000006
23,2018,7,132,54504,2454,3.25,9650.3999999999996,88459.22000000003,18722.139999999992,51415.220000000023,10004.299999999997
21,2018,7,228,71850,3392,3.2272727272727271,16942.219999999998,9650.3999999999996,97659.999999999985,18722.139999999992,270193.96000000002
4,2018,7,4698,1290242,82498,58.838709677419352,302470.42000000004,16942.219999999998,88459.22000000003,97659.999999999985,3227.2599999999998
18,2018,8,840,302130,15440,14.125,60278.760000000009,302470.42000000004,9650.3999999999996,88459.22000000003,11310.300000000003
2,2018,8,312,118846,5288,11.357142857142858,30063.020000000004,60278.760000000009,16942.219999999998,9650.3999999999996,20619.139999999999
3,2018,8,2446,649894,36820,29.678571428571427,175014.42000000004,30063.020000000004,302470.42000000004,16942.219999999998,8618.4200000000001
24,2018,8,192,48844,2306,4.0769230769230766,11201.58,175014.42000000004,60278.760000000009,302470.42000000004,6252.2600000000002
26,2018,8,6,3354,172,2,514.79999999999995,11201.58,30063.020000000004,60278.760000000009,34107.019999999997
20,2018,8,758,173338,9418,10.333333333333334,34874.740000000005,514.79999999999995,175014.42000000004,30063.020000000004,51415.220000000023
22,2018,8,46,38198,1030,3.625,6932.8200000000006,34874.740000000005,11201.58,175014.42000000004,18722.139999999992
1,2018,8,19666,6178474,364904,283.58620689655174,1127665.4799999995,6932.8200000000006,514.79999999999995,11201.58,97659.999999999985
8,2018,8,1132,339834,18806,22.285714285714285,58335.680000000015,1127665.4799999995,34874.740000000005,514.79999999999995,88459.22000000003
9,2018,8,722,217344,11132,11.875,44179.239999999998,58335.680000000015,6932.8200000000006,34874.740000000005,9650.3999999999996
14,2018,8,144,38058,2038,4.916666666666667,11987.5,44179.239999999998,1127665.4799999995,6932.8200000000006,16942.219999999998
15,2018,8,62,18792,1544,2.7000000000000002,9832.4599999999991,11987.5,58335.680000000015,1127665.4799999995,302470.42000000004
13,2018,8,174,47864,3042,4.7857142857142856,10650.719999999998,9832.4599999999991,44179.239999999998,58335.680000000015,60278.760000000009
5,2018,8,1666,435172,24638,21.925925925925927,93223.600000000006,10650.719999999998,11987.5,44179.239999999998,30063.020000000004
23,2018,8,108,37064,1530,3.4545454545454546,6153.1599999999989,93223.600000000006,9832.4599999999991,11987.5,175014.42000000004
21,2018,8,146,40954,2142,4.6428571428571432,7959.6800000000003,6153.1599999999989,10650.719999999998,9832.4599999999991,11201.58
7,2018,8,274,82708,5056,7.25,16556.660000000003,7959.6800000000003,93223.600000000006,10650.719999999998,514.79999999999995
4,2018,8,4978,1458330,82028,69.214285714285708,257007.01999999999,16556.660000000003,6153.1599999999989,93223.600000000006,34874.740000000005
11,2018,8,212,85244,3898,6.9333333333333336,15046.500000000002,257007.01999999999,7959.6800000000003,6153.1599999999989,6932.8200000000006
12,2018,8,412,116710,6182,8.1999999999999993,29480.079999999991,15046.500000000002,16556.660000000003,7959.6800000000003,1127665.4799999995
17,2018,8,200,64296,3474,5.75,19823.900000000001,29480.079999999991,257007.01999999999,16556.660000000003,58335.680000000015
10,2018,8,2124,643326,37638,29.206896551724139,115227.84000000001,19823.900000000001,15046.500000000002,257007.01999999999,44179.239999999998
19,2018,8,938,242134,13258,12.041666666666666,49108.700000000004,115227.84000000001,29480.079999999991,15046.500000000002,11987.5
27,2018,8,16,5726,324,1.6666666666666667,1209.04,49108.700000000004,19823.900000000001,29480.079999999991,9832.4599999999991
25,2018,8,16,3372,446,1,1025,1209.04,115227.84000000001,19823.900000000001,10650.719999999998
6,2018,8,4876,1353612,76972,61.357142857142854,265935.03999999998,1025,49108.700000000004,115227.84000000001,93223.600000000006
1,2018,9,2,1152,116,1,332.92000000000002,265935.03999999998,1209.04,49108.700000000004,6153.1599999999989
